<?xml version="1.0" encoding="UTF-8"?>
<project-private xmlns="http://www.netbeans.org/ns/project-private/1">
    <editor-bookmarks xmlns="http://www.netbeans.org/ns/editor-bookmarks/1"/>
    <open-files xmlns="http://www.netbeans.org/ns/projectui-open-files/2">
        <group>
            <file>file:/C:/Users/Asus/Documents/NetBeansProjects/analysis%20healthcare/New%20folder/web/logout.jsp</file>
            <file>file:/C:/Users/Asus/Documents/NetBeansProjects/analysis%20healthcare/New%20folder/web/index.jsp</file>
            <file>file:/C:/Users/Asus/Documents/NetBeansProjects/analysis%20healthcare/New%20folder/web/admin.jsp</file>
            <file>file:/C:/Users/Asus/Documents/NetBeansProjects/analysis%20healthcare/New%20folder/web/about.jsp</file>
            <file>file:/C:/Users/Asus/Documents/NetBeansProjects/analysis%20healthcare/New%20folder/web/loginverify.jsp</file>
        </group>
    </open-files>
</project-private>
